{"mel_mean": -5.10174036026001, "mel_std": 2.1760740280151367}